2021-05-30 14:29:09,b'@RichBarile You realize those lines are going down right? It will go with Bitcoin until it reaches a bottom around\xe2\x80\xa6 https://t.co/R1zGACFTis',b'JeanBaptistZorg'
2021-05-30 14:29:07,"b'If the neck breakage is calculated from the bones of the candles, it is $ 40,900 and this level corresponds to the\xe2\x80\xa6 https://t.co/a9XLuYySAC'",b'Chiefcrypto2'
2021-05-30 14:29:06,"b'\xe2\x80\x9cHarder, better, faster, stronger\xe2\x80\x9d ~Daft Punk \n~ #bitcoin maxis all day'",b'GVictoriaB'
2021-05-30 14:29:04,b'Bitcoin Market Overview https://t.co/RQ2sBbca8V https://t.co/xabws9tDmP',b'r_wajiha'
2021-05-30 14:29:04,b'@benkb28_ @beesidemyself @danielstorey85 Benham! Only for the amount of money he stands to gain from getting Brentf\xe2\x80\xa6 https://t.co/xpRVuTMEL0',b'SLJLon1991'
2021-05-30 14:29:04,"b""@DocumentingBTC @edcarpenter20 @JackMallers We don't  buy bitcoin\nWe earn bitcoin From Mining \nI'm ready to show 10\xe2\x80\xa6 https://t.co/FPctRUlT9d""",b'raferacrypto'
2021-05-30 14:29:03,b'$BTC bitcoin weekly https://t.co/mebLfLOiRv',b'vixsquared'
2021-05-30 14:29:01,"b'Shorted bitcoin, leverage 10x \nReason 1: Ichimoku cloud is right above the current price. 2: Trend is bearish 3. wh\xe2\x80\xa6 https://t.co/3FFMOxG9KC'",b'KurtVlam'
2021-05-30 14:29:01,b'The best way to get started is to quit talking and begin doing.\xe2\x80\x9d#bitcoin https://t.co/D63emZM9nV',b'samumagagula1'
2021-05-30 14:29:00,b'ALERT! MORE BAD NEWS FOR CYRPTO))\n SELL BITCOIN AND DOGECOIN NOW***\nChinese government effectively bans cryptocurre\xe2\x80\xa6 https://t.co/4eUYOKsein',b'jimmyblow5'
2021-05-30 14:28:58,"b'@BTCTN #Bitcoin has all the potential of an asset that can be saved, retrieved and exchanged at a later time, and b\xe2\x80\xa6 https://t.co/NrKUsZpiWI'",b'carrisamarie0'
2021-05-30 14:28:55,"b""@CLIMATECH2AMP $kishu @InuKishu #Kishu_Inu #KishuArmy \n$feg @fegtoken #IAMFEG  #FEG  #FEGTAKEOVER #FEGArmy \nDon't u\xe2\x80\xa6 https://t.co/CICy0w7BS3""",b'thecryptopuffin'
2021-05-30 14:28:53,b'@elonmusk any news on Bitcoin improving? Or Tesla accepting Doge?',b'waffles1878'
2021-05-30 14:28:52,b'@Bitcoin_K_S_A @CoinMENA Done \xe2\x9c\x85\xf0\x9f\x98\x83',b'aminabtc'
2021-05-30 14:28:50,"b""\xf0\x9f\xa4\x9d Follow me on @betfury. Let's hunt for Bitcoins together! Get an exciting experience on #1 I-Gaming platform with\xe2\x80\xa6 https://t.co/yfJ3REmQcN""",b'BravoAlberth'
2021-05-30 14:28:50,b'@Bitboy_Crypto Real women dump their husbands and buy Bitcoin for themselves.\xf0\x9f\x98\x82',b'jadesy194'
2021-05-30 14:28:47,b'@michael_saylor Oh yes #Bitcoin #DFI  \xf0\x9f\x92\xaa @defichain \xf0\x9f\xa4\xaf\xf0\x9f\x92\xb3',b'any_sunrise'
2021-05-30 14:28:46,b'@APompliano I already know about #Bitcoin what else do I need to know?',b'DamnYeahCrypto'
2021-05-30 14:28:46,"b'@josecrespo___ @BTCTN #Bitcoin has all the potential of an asset that can be saved, retrieved and exchanged at a la\xe2\x80\xa6 https://t.co/WzS702xYAf'",b'carrisamarie0'
2021-05-30 14:28:46,b'#creamfields #Bitcoin #party #basefest #festivals #boomtown #EthereumClassic #FootballStars #cryptos #altcoin\xe2\x80\xa6 https://t.co/gGIk0TJFUf',b'dan60924888'
2021-05-30 14:28:44,"b""Will #Bitcoin reach $100,000 by the end of this year!\nFor me: I don't think so \xf0\x9f\xa4\xb7\xf0\x9f\x8f\xbb\xe2\x80\x8d\xe2\x99\x82\xef\xb8\x8f""",b'Jasonwisely21'
2021-05-30 14:28:44,b'@05nelsonm_ @RoninMiner @surferjimw I can get anything to work really',b'BITCOIN_RAIL'
2021-05-30 14:28:42,"b""@DocumentingBTC We don't  buy bitcoin\nWe earn bitcoin From Mining \nI'm ready to show 10 lucky people on how to earn\xe2\x80\xa6 https://t.co/CZLiwuZIGq""",b'raferacrypto'
2021-05-30 14:28:40,b'Breaking Bitcoin\xe2\x80\x8a\xe2\x80\x94\xe2\x80\x8aThe $5 Billion Court Action That Could Change Crypto Forever by @GemJackson2 https://t.co/fdjRngGqXM',b'jesusju38359502'
2021-05-30 14:28:39,"b'@jevidon @MartyBent #Bitcoin is like an amoeba; surrounding and devouring threats, stretching out in varied directi\xe2\x80\xa6 https://t.co/gCcidDnkNW'",b'BFuniv'
2021-05-30 14:28:39,b'Thanks #Bitcoin for making me watch the #indy500 \xf0\x9f\x98\x8e',b'JsWaGoN77'
2021-05-30 14:28:39,b'@BarrySilbert @BillyM2k @UFMJA @ClayLambert20 @WayneVaughan Let Bitcoin destroy gold. Gold is what pollutes the env\xe2\x80\xa6 https://t.co/vQqooLS8Ah',b'sexman6688'
2021-05-30 14:28:38,"b'@BurgerCrisis @Shibro_ @ChainX_Lounge @CryptoMichNL No Burger, Shibro is a shill! Nothing has changed, 50% correcti\xe2\x80\xa6 https://t.co/uL60o5RWf1'",b'MarkRos19268558'
2021-05-30 14:28:36,b'\xe2\x80\x9cEvery dollar printed is a dollar stolen from you\xe2\x80\x9d #Bitcoin #btc #crypto',b'satosheesh'
2021-05-30 14:28:36,b'@CryptoWhale It\xe2\x80\x99s still a possibility let\xe2\x80\x99s just go ahead and get it over with #Bitcoin to find a bottom what the h\xe2\x80\xa6 https://t.co/Jqp6hS4tXu',b'ERC2OShitEater'
2021-05-30 14:28:36,"b'@TheCryptoLark All corrections and bearish trends eventually end, stay focused on the big game! #bitcoin #crypto'",b'TheCryptoLake_'
2021-05-30 14:28:35,"b'@MMCrypto Sorry, Bitcoin is going to the green areas like $20k ... it may bounce to $50 k (Blue area ... the end of\xe2\x80\xa6 https://t.co/H1xq5MQ8IP'",b'medallon007'
2021-05-30 14:28:34,b'@HaileyLennonBTC Over 90%+ Profits from #BTC signal within 1 hour. you can check the time of signal entry post when\xe2\x80\xa6 https://t.co/PULgJvHDdl',b'22_cryptohelp'
2021-05-30 14:28:32,b'@DanielKrawisz @CobraBitcoin @bitcoin_pizza @nntaleb @CoinMarketCap and pow is equally meaningless.',b'baclfoo'
2021-05-30 14:28:32,b'@nntaleb Would you be as interested in bitcoin if there was no price associated with it?\n\nCurious',b'signalclean'
2021-05-30 14:28:31,b'This!! @JD_2020 @barstoolsports @elonmusk @iamelf @joerogan @souljaboy @1goonrich @1053SS @JeffBezos #bezoge\xe2\x80\xa6 https://t.co/e09nMVtiZR',b'BoomstickMafia'
2021-05-30 14:28:30,"b'Bitcoin 2021, an annual Crypto conference, will hold in Miami with 12,000 attendees and keynote speakers which incl\xe2\x80\xa6 https://t.co/R2QybGD310'",b'Benjamininves'
2021-05-30 14:28:30,b'#dogecoin  ALERT! MORE BAD NEWS FOR CYRPTO\n SELL BITCOIN AND DOGECOIN NOW\nChinese government effectively bans crypt\xe2\x80\xa6 https://t.co/EMX6N9eOJt',b'jimmyblow5'
2021-05-30 14:28:29,"b'@martypartymusic @LewisHamilton @Bitcoin There\xe2\x80\x99s so much talk of it going lower 30, 28, 24, 20\xe2\x80\xa6 that I feel people\xe2\x80\xa6 https://t.co/ey4VwrISAz'",b'MMMurphy13'
2021-05-30 14:28:29,b'@obeyeurNFT The Birth of Bitcoin\xc2\xa0 \xe2\x9c\xa8\xf0\x9f\xa7\x9a https://t.co/PEFBOke4kC\n#nft #nftart #nftartist #nftcollector',b'NegarFakhar'
2021-05-30 14:28:28,b'@cameron @tyler Dear @cameron \nDear all charitable people\n\nI need money. This is very important for my life!..\n\nPle\xe2\x80\xa6 https://t.co/ifDXs3B9iW',b'AliAkta72061501'
2021-05-30 14:28:27,"b'PumaPay seeks scalability, dumps #Ethereum for Binance Smart Chain https://t.co/J9goRGR8A6\n\n#BSC #PumaPay\xe2\x80\xa6 https://t.co/C9sWTVm4jE'",b'MorningTick'
2021-05-30 14:28:27,b'#Online #marketingonline #NetworkingPays #Online #Marketing #Networking #incomeforlife  Check my website for\xe2\x80\xa6 https://t.co/sDE2lOtvm0',b'bmurphypointman'
2021-05-30 14:28:27,"b""@michael_saylor $kishu @InuKishu #Kishu_Inu #KishuArmy \n$feg @fegtoken #IAMFEG  #FEG  #FEGTAKEOVER #FEGArmy \nDon't\xe2\x80\xa6 https://t.co/JauZgDr41J""",b'thecryptopuffin'
2021-05-30 14:28:23,"b""@jbrownjib @michael_saylor We don't  buy bitcoin\nWe earn bitcoin From Mining \nI'm ready to show you and few lucky p\xe2\x80\xa6 https://t.co/8nb2rG6IKZ""",b'LeviDickens1'
2021-05-30 14:28:23,b'Massive bitcoin mine discovered in UK after police raid suspected cannabis farm  https://t.co/jsYfMpPQcv',b'motasim'
2021-05-30 14:28:20,b'#linkedin #twitter #facebook #instagram #tumblr #celebration #socialmedia #pinterest #google #deal #gift #gifts\xe2\x80\xa6 https://t.co/nUXJfDqaoy',b'bmurphypointman'
2021-05-30 14:28:20,b'#amazon #amazonprime #prime #amazonspecials #affiliateprogram  #bitcoin #affiliatemarketing #dogecoin Check my webs\xe2\x80\xa6 https://t.co/lqSFeWa2Ag',b'bmurphypointman'
2021-05-30 14:28:19,"b'For those of you who aren\xe2\x80\x99t heavy in crypto yet , use these next 3 to 6 months (bear market )to accumulate as much\xe2\x80\xa6 https://t.co/lnGAKCWaPK'",b'SathRam1'
2021-05-30 14:28:18,b'#affiliate #affiliatemarketing #affiliates #affiliateprogram  Check my website for  #crypto sites! #bitcoin\xe2\x80\xa6 https://t.co/9Um68MQt2G',b'bmurphypointman'
2021-05-30 14:28:18,b'@ClayLambert20 @BarrySilbert @BillyM2k @UFMJA @WayneVaughan Let Bitcoin destroy gold. Gold is what pollutes the env\xe2\x80\xa6 https://t.co/PMZTHhSadx',b'sexman6688'
2021-05-30 14:28:18,b'#earn #income #online #onlineearning #affiliatemarketing Check my #website #makemoney #earnmoney #affiliate\xe2\x80\xa6 https://t.co/f28bcTAtk3',b'bmurphypointman'
2021-05-30 14:28:16,b'@BitcoinNorth I doubt that very much my little Bitcoin warrior.',b'Londonjenny63'
2021-05-30 14:28:15,b'One leg up. \n\nNext leg down.\n\n\xf0\x9f\x98\xb5\xe2\x80\x8d\xf0\x9f\x92\xab\n#cryptocurrency #bitcoin \n\n$BTC',b'Shourya_34'
2021-05-30 14:28:15,b'When all-time high? Bitcoin traders lose confidence as BTC price slumps https://t.co/Ip6sOmTQTx',b'Donjuliozz'
2021-05-30 14:28:13,b'Holy shit! #bitcoin will reach $100.000 by the end of this year! https://t.co/QTNnIf6YX6 https://t.co/G6Xevw7j8c',b'heyfarkas'
2021-05-30 14:28:13,"b'#Bitcoin accelerates renewable energy without China, wait, wut? \xf0\x9f\x94\xa5\xf0\x9f\xa4\xb7\xf0\x9f\x8f\xbb\xe2\x80\x8d\xe2\x99\x82\xef\xb8\x8f\xe2\x9a\xa1\xef\xb8\x8f #ESG #cognitivedissonance #climatechange https://t.co/S0kb3KyQJq'",b'c4chaos'
2021-05-30 14:28:13,b'\xf0\x9f\xa4\xabARE WE HEADING TO 20k?\n\n$hbar #Bitcoin\xc2\xa0$BTC $eth $usdt $bnb $ada $xrp $doge $usdc $dot $uni $icp $bch $link $ltc\xe2\x80\xa6 https://t.co/jp0lF4CoRJ',b'TopAltcoin'
2021-05-30 14:28:13,b'@alexrashed131 \xf0\x9f\x92\x8e You will never miss a great opportunity of earning profits with @Libonomy.\xf0\x9f\x9a\x80\n\n#Libonomy #interoperable #bitcoin',b'Donna99657874'
2021-05-30 14:28:13,"b'If bitcoin drops to the $30,000 levels, a double bottom pattern is formed. One can calculate from the bones of the\xe2\x80\xa6 https://t.co/LkveFOiYAq'",b'Chiefcrypto2'
2021-05-30 14:28:12,b'@APompliano Over 90%+ Profits from #BTC signal within 1 hour. you can check the time of signal entry post when it w\xe2\x80\xa6 https://t.co/t71IpSQJty',b'gordonf71945674'
2021-05-30 14:28:09,b'You should be a millionair and have no any bitcoin.',b'bitgoosie'
2021-05-30 14:28:08,"b""@CryptoWhale And pompliano. Don't listen to him however, I like bitcoin as a technology, not a ponzi scheme""",b'ostelin5'
2021-05-30 14:28:08,"b'@VsBulls \xf0\x9f\x92\xa6 Ethereum is the dial-up internet of blockchain, @Libonomy  is the optical cable. Fast and interoperable.\xe2\x80\xa6 https://t.co/lTDzj5hYZ8'",b'JohnCraft126'
2021-05-30 14:28:07,b'@smashsixtyfour Well? What makes bitcoin unhackable???',b'SpongyJNE'
2021-05-30 14:28:05,b'@BarrySilbert @BillyM2k @UFMJA @ClayLambert20 @WayneVaughan I\xe2\x80\x99m new to crypto and You know as much as I think Bitco\xe2\x80\xa6 https://t.co/UeJIWaOeNs',b'ajay_usa2'
2021-05-30 14:28:05,b'#Bitcoin #BTC #Ethereum #DOGE #XRP #SEC #Fed #UnitedStates #Financial #Policy #Biden #altcoin #UnitedStates\xe2\x80\xa6 https://t.co/fTvRP7gZVM',b'ItconsultingL'
2021-05-30 14:28:02,b'2. One way street - I can deposit btc but have no avenue to withdraw. Someone out there is raining in #Bitcoin\n\nver\xe2\x80\xa6 https://t.co/fvi0hm7YpH',b'joshuasamuel91'
2021-05-30 14:28:01,b'@gumed85 @michael_saylor Lmao. I have no time to prove you wrong..stay with fiat and best of luck \xf0\x9f\x98\x82. All you need t\xe2\x80\xa6 https://t.co/NvvbZw6Hex',b'damrit1'
2021-05-30 14:28:00,b'@Davincij15 I think the problem with Bitcoin is like below. You will have people protesting about the environment.\xe2\x80\xa6 https://t.co/l7M4U3PFNV',b'Ario10940208'
2021-05-30 14:28:00,b'My crypto portfolio has the same free fall #Bitcoin https://t.co/aup6oODgy1',b'Shershaaah'
2021-05-30 14:27:58,"b'@HaileyLennonBTC I HODL only ALTcoins in my portfolio, is that really a thing to worry or HODling bitcoin is the wo\xe2\x80\xa6 https://t.co/ouYPeum311'",b'abd_tweets'
2021-05-30 14:27:58,"b'@Billbrowder The more wealthy crooks have sanctions put on them, the more money piles into Bitcoin. What a weird coincidence'",b'DonatoBardi'
2021-05-30 14:27:58,b'@BillyM2k @BarrySilbert @UFMJA @ClayLambert20 @WayneVaughan Agreed \xf0\x9f\x91\x8d with @BillyM2k \nBarry start the bear \xf0\x9f\x90\xbb market\xe2\x80\xa6 https://t.co/JpoiqecSYQ',b'CoinCryptoIndia'
2021-05-30 14:27:54,b'Big whales are buying huge amounts of #Bitcoin. This bullmarket has not even started. On chain data more bullish th\xe2\x80\xa6 https://t.co/Ilz9uf3GIE',b'akmanCapital'
2021-05-30 14:27:52,b'@RealJamesWoods Invest in Bitcoin',b'Toxic_Looter'
2021-05-30 14:27:52,b'Feels like today is going to be a \xe2\x80\x9ctoxic crypto Twitter environment\xe2\x80\x9d kinda day. \n\nJust waiting patiently for the da\xe2\x80\xa6 https://t.co/fUllbCnJjn',b'Crypto_TomBrom'
2021-05-30 14:27:50,"b'@surferjimw Buy bitcoin, go outside.'",b'HodlColorado'
2021-05-30 14:27:45,b'@GregHoggard @ShahafBenita @henleym25 @RedPillVegan @jimmysong I own Bitcoin &amp; Ethereum. Doesn\xe2\x80\x99t make what he said true.',b'EthereumUni'
2021-05-30 14:27:44,b'New airdrop : Bitcoin Pizza Night \nTelegram bot: \nhttps://t.co/jfFA0erfSH https://t.co/EMg7isp0Bk',b'captaincrypto_7'
2021-05-30 14:27:44,b'@LawrenceLepard @p1r473 BTC is not sound money.  Bitcoin is.  https://t.co/3o2gHZvm1T',b'glennmariano'
2021-05-30 14:27:42,b'@michael_saylor @michael_saylor thoughts on Ray Dalio buying #Bitcoin?\nhttps://t.co/jV36VpksXn',b'HassanAesthetic'
2021-05-30 14:27:42,b'Imagine being that #Bitcoin indy car driver and knowing that if you crash the car you will be responsible for killing bitcoin.. damn..',b'ArcticHodl'
2021-05-30 14:27:40,b'@HodlTarantula @MoparMining @Cryptic_Oz @MartyBent @OGBTC @RoninMiner @GAMdotAI @SGBarbour @Emperor_bitcoin\xe2\x80\xa6 https://t.co/RnTUmWphHS',b'BITCOIN_RAIL'
2021-05-30 14:27:40,"b'@balbiyad @CryptoWhale you not understand @CryptoWhale tweet about #BTC , he said that the bitcoin will fall under\xe2\x80\xa6 https://t.co/3qkuV3Yavq'",b'Bushaviot'
2021-05-30 14:27:39,"b'There are headlines out there that says #Bitcoin could \xe2\x80\x9ccrash to $20,000\xe2\x80\x9d. Even if true think about that conceptual\xe2\x80\xa6 https://t.co/vyjNAWx7fb'",b'HudsonFarWest'
2021-05-30 14:27:37,"b'@SlawTeh Looking at the boss , #Bitcoin  , since few days, a lot of things depend on his mood.'",b'Fakk2'
2021-05-30 14:27:36,"b'@AltcoinDailyio In the days the creators have launched a new #Bitcoin\nIt is digitally minable, maximally environmen\xe2\x80\xa6 https://t.co/82FwzmKYDg'",b'FuxreiterD'
2021-05-30 14:27:36,"b""@Ragnarly @MarathonDH @_benkaufman And Michael Saylor cooperates with Marathon. That's interesting. He is probably\xe2\x80\xa6 https://t.co/37gl3J8zky""",b'tpuzniakowski'
2021-05-30 14:27:36,b'@ColdBloodShill Most people don\xe2\x80\x99t want to learn sir. They just wanna see people with high following rate to post hi\xe2\x80\xa6 https://t.co/T6CrgPZ8ef',b'Jorn_broek'
2021-05-30 14:27:35,b'@SAfmnews @Eliot_syke has all it takes to turn things well for you with his company platform and strategy on Bitcoi\xe2\x80\xa6 https://t.co/aopWIRNF9q',b'_Kathy_31'
2021-05-30 14:27:34,"b'@michael_saylor The only real project where you can make it come true, rather than dreaming and waiting every day,\xe2\x80\xa6 https://t.co/HWufdAjidl'",b'flokygamess'
2021-05-30 14:27:32,b'@SAfmnews @Eliot_syke has all it takes to turn things well for you with his company platform and strategy on Bitcoi\xe2\x80\xa6 https://t.co/851RfTAHrY',b'_Kathy_31'
2021-05-30 14:27:32,b'@SAfmnews @Eliot_syke has all it takes to turn things well for you with his company platform and strategy on Bitcoi\xe2\x80\xa6 https://t.co/XzwoAI3Yuw',b'_Kathy_31'
2021-05-30 14:27:32,b'@SAfmnews @Eliot_syke has all it takes to turn things well for you with his company platform and strategy on Bitcoi\xe2\x80\xa6 https://t.co/2JU3c7NFCH',b'_Kathy_31'
2021-05-30 14:27:32,b'@Investingcom Bitcoin will moooon faster \xf0\x9f\x94\xa5',b'Theenesh6'
2021-05-30 14:27:31,"b'https://t.co/7iRj9ULQxj #BitcoinNews \xe2\x96\xba Brazilians Who Held $1,000 in Crypto Last Year Must Report It on Tax Returns\xe2\x80\xa6 https://t.co/FRxbDDypDy'",b'chainestate'
2021-05-30 14:27:31,b'Special thanks to: \n- Our sponsor @NYDIG_BTC; and\n- Everyone who listens and subscribes\n\n#WhatisMoney #Bitcoin',b'WhatisMoneyShow'
2021-05-30 14:27:30,"b'Did anyone notice, #Bitcoin falls exactly at the time #xrp gets a positive news. #xrp is being suppressed from a lo\xe2\x80\xa6 https://t.co/FaVxsy56sg'",b'kingSla86476590'
2021-05-30 14:27:27,"b'There\xe2\x80\x99s more wealth transfer than wealth creation in America today. Professional sports, @MLB @NBA @NHL @NFL all fo\xe2\x80\xa6 https://t.co/JHE1VBOFq2'",b'Tranquility1776'
2021-05-30 14:27:24,b'@LaserHodl #Bitcoin is already successful',b'APOSTOL111111'
2021-05-30 14:27:24,b'Buy bitcoin https://t.co/fw6FxyUjul',b'JAMESB0ONE'
2021-05-30 14:27:23,b'Why aliens have no interest in the human species/planet Earth\n\n-no interest in gold/silver. they have planets full\xe2\x80\xa6 https://t.co/ppOcvm2DKu',b'Alex_Hxrrison'
2021-05-30 14:27:22,"b'""Whether or not the proponents of either asset want to admit it, Gold and Bitcoin share many commonalities.""\n~\xe2\x80\xa6 https://t.co/RQGOFTXm5H'",b'jposhaughnessy'
2021-05-30 14:27:19,b'ALERT! MORE BAD NEWS FOR CYRPTO\n SELL BITCOIN AND DOGECOIN NOW***\nChinese government effectively bans cryptocurrenc\xe2\x80\xa6 https://t.co/3IjvD7g0Fw',b'jimmyblow5'
2021-05-30 14:27:18,b'Waiting for @AuthorDanBrown to write something exciting for #RobertLangdon with #Blockchain tech at the heart of th\xe2\x80\xa6 https://t.co/y8P0mT9NcK',b'AlterEg77689376'
2021-05-30 14:27:16,"b""@LateralPrawn @RealWillyBot Missing the point.  He did not financially lose; however, never admits they're wrong.\xe2\x80\xa6 https://t.co/Vkld04kKoM""",b'CAPTRS777'
2021-05-30 14:27:14,b'Dump #Bitcoin https://t.co/bURk1KFDy3',b'iamyagii'
2021-05-30 14:27:14,b'@RealRomaDowney Buy Bitcoin now',b'daley_padley'
2021-05-30 14:27:12,b'WiM019 - The Booth Series | Episode 9 | Game Theory and #Bitcoin.\n@JeffBooth and I discuss:\n\n- Geopolitical Game Th\xe2\x80\xa6 https://t.co/1Ao9zqjY14',b'WhatisMoneyShow'
2021-05-30 14:27:11,b'\xe0\xa4\xb9\xe0\xa4\xbf\xe0\xa4\x82\xe0\xa4\xa6\xe0\xa5\x80 \xe0\xa4\xae\xe0\xa5\x87\xe0\xa4\x82 Bitcoin Weekly Analysis https://t.co/S8ZmFDWyC6 via #bitcoin #btc',b'acryptoverse'
2021-05-30 14:27:10,b'&lt;Bitcoin Price&gt;\nBTC/USD(Binance): 35243.56\n\xf0\x9f\x91\x89\xf0\x9f\x91\x89\xf0\x9f\x91\x89Check Price: https://t.co/af5ze6HFdW\xf0\x9f\x91\x88\xf0\x9f\x91\x88\xf0\x9f\x91\x88\n&lt;Headline News&gt;\nTwo dead and\xe2\x80\xa6 https://t.co/sPCwadK9dw',b'doge4you'
2021-05-30 14:27:09,b'AmazonCoin $AMA: future finance\n\nBoom\n\xf0\x9f\x92\xa3\xf0\x9f\x92\xa5\xf0\x9f\x92\xa3\xf0\x9f\x92\xa5\xf0\x9f\x92\xa3\xf0\x9f\x92\xa5\n\xf0\x9f\xa4\x91\xf0\x9f\xa4\x91\xf0\x9f\xa4\x91\n\n #AmazonCoin #AMA #crypto #cryptocurrency #tokensale #fintech\xe2\x80\xa6 https://t.co/YyMDeO1bHz',b'AmazonCoin_io'
2021-05-30 14:27:09,b'I think the virtual currency will drop at least 5% in the next week. Who would bet $100 on it? Come on baby  \xef\xbc\x8c#BTC\xe2\x80\xa6 https://t.co/B5fVDCQ51A',b'larry43674549'
2021-05-30 14:27:08,"b'@MarathonDH If you care for Bitcoin future, signal for Taproot!!'",b'LuisPer92108720'
2021-05-30 14:27:08,b'@MacRoweNick @jp_koning Bitcoin mining costs will be entirely funded by transaction fees in the future. The main pu\xe2\x80\xa6 https://t.co/o8Hx2Fr6Yc',b'fnietom'
2021-05-30 14:27:07,b'#Bitcoin is here to stay!!! \nGO LONG!! #HODL #BTC https://t.co/RA4eANLGzR',b'Distoshort'
2021-05-30 14:27:06,"b'So far, perfect.\n\n#bitcoin https://t.co/1flo7vtDBB'",b'Bitcoin1_OTC'
2021-05-30 14:27:04,"b'@HaileyLennonBTC Owning Bitcoin is like coming to the new world, anyone who bought Bitcoin owns that piece of the n\xe2\x80\xa6 https://t.co/W6d0T43OrH'",b'sikhingcrypto'
2021-05-30 14:27:03,"b'How the fuck could you be anti Bitcoin, but pro crypto? That\xe2\x80\x99s like being religious but not believing in god.'",b'wolfgretzky'
2021-05-30 14:27:02,"b""@akoi_patrick @BinanceChain We don't  buy bitcoin\nWe earn bitcoin From Mining \nI'm ready to show 10 lucky people on\xe2\x80\xa6 https://t.co/uvsbtcIEBL""",b'raferacrypto'
2021-05-30 14:27:02,b'@CryptoWhale because bitcoin will penetrate number $200.000 \xf0\x9f\xa4\xa3\xf0\x9f\xa4\xa3\xf0\x9f\xa4\xa3\xf0\x9f\x91\x8d',b'katokkombor84'
2021-05-30 14:27:00,"b'@gumed85 @michael_saylor By the broadest defin\xc2\xadi\xc2\xadtion of a Ponzi scheme, the entire global banking system is a Ponz\xe2\x80\xa6 https://t.co/vSruuDaiAg'",b'EndFiat21M'
2021-05-30 14:27:00,b'@JohnEDeaton1 @MackAttackXRP Source: https://t.co/sliRvvkXRd',b'MrsWendyBendy'
2021-05-30 14:26:59,b'blizzard dropped new game\n\nbullish for bitcoin',b'pmullr'
2021-05-30 14:26:59,"b'@BTCTN #Bitcoin has all the potential of an asset that can be saved, retrieved and exchanged at a later time, and b\xe2\x80\xa6 https://t.co/b6aN2RRH2I'",b'carrisamarie0'
2021-05-30 14:26:59,"b'Billionaire Stan Druckenmiller on #Dogecoin,  ""I wouldn\xe2\x80\x99t short it because I don\xe2\x80\x99t like putting campfires out with\xe2\x80\xa6 https://t.co/nqSvBUW9lF'",b'nsu'
2021-05-30 14:26:57,b'@rektcapital Have you heard of the great opportunity that has turned lots of individuals into multimillionaire simp\xe2\x80\xa6 https://t.co/8HYmYPMM1Q',b'jenny_magnuson'
2021-05-30 14:26:57,b'SokuSwap platform and the project is really hopeful worthwhile project and how to achieve them best cryptocurrenc p\xe2\x80\xa6 https://t.co/t0380iqeCz',b'Cryptos_Kings'
2021-05-30 14:26:57,b'ALERT! MORE BAD NEWS FOR CYRPTO\n SELL BITCOIN AND DOGECOIN NOW\nChinese government effectively bans cryptocurrencies\xe2\x80\xa6 https://t.co/fqh4BZl01b',b'jimmyblow5'
2021-05-30 14:26:56,"b""@DjPrestigeUk $kishu @InuKishu #Kishu_Inu #KishuArmy \n$feg @fegtoken #IAMFEG  #FEG  #FEGTAKEOVER #FEGArmy \nDon't un\xe2\x80\xa6 https://t.co/kaZOaZPHjO""",b'thecryptopuffin'
2021-05-30 14:26:53,b'Bitcoin-branded cat hoodies coming to your mailbox soon.\n\n#bitcoin #catsinhoodies https://t.co/jc6dkHMO6x',b'2salt2furious'
2021-05-30 14:26:50,b'We Collaborate Only With The Best #CryptoCurrency #bitcoin via https://t.co/a1ZnCCWvp7 https://t.co/rh3JnhlIld',b'Ramcorbin'
2021-05-30 14:26:50,b'@SAfmnews @Eliot_syke has all it takes to turn things well for you with his company platform and strategy on Bitcoi\xe2\x80\xa6 https://t.co/7BMXTkaXuQ',b'_Kathy_31'
2021-05-30 14:26:48,b'@BTC_Archive Check out @defichain they are building decentralized finance on #Bitcoin with the $DFI token!\xe2\x80\xa6 https://t.co/zf99fS3khU',b'DanielAwad16'
2021-05-30 14:26:46,b'Is crypto approaching its \xe2\x80\x98Netscape moment?\xe2\x80\x99 https://t.co/iFh2KTc27W #bitcoin',b'ioBanker'
2021-05-30 14:26:46,b'@thelooptoken @BscCryoto Lets join!\n\n@irgiirgi8822 \n@mizansee2 \n@Fahrii97973305 \n@kishibek \n@Ed19Bay \n\nAddress: \n0x\xe2\x80\xa6 https://t.co/dys24XZJRw',b'ttshow3'
2021-05-30 14:26:46,"b'Shitcoinery has more vol, excitement, and jargon flavors.\n\nThe idea of bitcoin and the virtue of bitcoin have never\xe2\x80\xa6 https://t.co/1IcVC9h1kd'",b'NatoshiSakatoto'
2021-05-30 14:26:46,"b'@BTCTN #Bitcoin has all the potential of an asset that can be saved, retrieved and exchanged at a later time, and b\xe2\x80\xa6 https://t.co/6dFyiokdc4'",b'carrisamarie0'
2021-05-30 14:26:44,b'@edcarpenter20 @APompliano @ECRIndy Dont you fucking crash! #bitcoin s future rests on your shoulders now.',b'ArcticHodl'
2021-05-30 14:26:43,b'30/05/2021   \xf0\x9d\x90\xb2\xf0\x9d\x90\xa8\xf0\x9d\x90\xae \xf0\x9d\x90\x9c\xf0\x9d\x90\x9a\xf0\x9d\x90\xa7 \xf0\x9d\x90\xa1\xf0\x9d\x90\x9e\xf0\x9d\x90\xa5\xf0\x9d\x90\xa9 \xf0\x9d\x90\xa7\xf0\x9d\x90\x9e\xf0\x9d\x90\x9e\xf0\x9d\x90\x9d\xf0\x9d\x90\xb2 \xf0\x9d\x90\xa8\xf0\x9d\x90\xa7\xf0\x9d\x90\x9e \xf0\x9d\x90\x9d\xf0\x9d\x90\xae\xf0\x9d\x90\xab\xf0\x9d\x90\xa2\xf0\x9d\x90\xa7\xf0\x9d\x90\xa0 \xf0\x9d\x90\xa9\xf0\x9d\x90\x9a\xf0\x9d\x90\xa7\xf0\x9d\x90\x9d\xf0\x9d\x90\x9e\xf0\x9d\x90\xa6\xf0\x9d\x90\xa2\xf0\x9d\x90\x9c \xf0\x9d\x90\x9b\xf0\x9d\x90\xb2 \xf0\x9d\x90\x9d\xf0\x9d\x90\xa8\xf0\x9d\x90\xa7\xf0\x9d\x90\x9a\xf0\x9d\x90\xad\xf0\x9d\x90\xa2\xf0\x9d\x90\xa7\xf0\x9d\x90\xa0  #investing #bitcoin #cryptoinvestor\xe2\x80\xa6 https://t.co/BAZlojm1Gh',b'finanalysis_fin'
2021-05-30 14:26:41,"b'@RaoulGMI @hereforfintwit Oh please Raoul, where was the balance sheet expansion during Bitcoin\xe2\x80\x99s last run up from\xe2\x80\xa6 https://t.co/bWQB5AEen2'",b'adrianboucek'
2021-05-30 14:26:40,b'sell  MATIC/USDT @ 1.84972\n#Bitcoin #Ethereum #Matic #Tradingbots #cryptocurrency',b'ActanonverbaC'
2021-05-30 14:26:37,b'@Bitcoin_K_S_A @CoinMENA Done thank you',b'serhaneimene'
2021-05-30 14:26:36,b'Get on @CoinMarketCap and hit the \xe2\xad\x90\xef\xb8\x8f button and make $DINU @dogey_inu trending two days in a row! #Dinuspaceforce\xe2\x80\xa6 https://t.co/YEHt5Ynaes',b'AntagonNarratus'
2021-05-30 14:26:35,b'@Bitcoin_K_S_A @CoinMENA Good luck',b'aissahasnaoui'
2021-05-30 14:26:35,b'@CryptoCobain thought you consider him in psychotic and not wanting to have anything to do with bitcoin as long as\xe2\x80\xa6 https://t.co/18Ir62wlk3',b'hitchhooker'
2021-05-30 14:26:34,"b""@akhsienarie @BinanceChain We don't  buy bitcoin\nWe earn bitcoin From Mining \nI'm ready to show 10 lucky people on\xe2\x80\xa6 https://t.co/XURmgClWJ2""",b'raferacrypto'
2021-05-30 14:26:34,b'@News24 @Eliot_syke has all it takes to turn things well for you with his company platform and strategy on Bitcoin\xe2\x80\xa6 https://t.co/ndw5nTjlj0',b'_Kathy_31'
2021-05-30 14:26:33,b'PayPal surpassed $300 million in #Bitcoin transaction volume.',b'Furkantun72'
2021-05-30 14:26:33,b'@nebraskangooner I mean what about your TA on bitcoin today',b'RajeshB96039937'
2021-05-30 14:26:31,b'@eNCA @Eliot_syke has all it takes to turn things well for you with his company platform and strategy on Bitcoin tr\xe2\x80\xa6 https://t.co/BVHul2pJXi',b'_Kathy_31'
2021-05-30 14:26:31,b'@TimesLIVE @Eliot_syke has all it takes to turn things well for you with his company platform and strategy on Bitco\xe2\x80\xa6 https://t.co/D5nAHeRPxo',b'_Kathy_31'
2021-05-30 14:26:31,b'@eNCA @Eliot_syke has all it takes to turn things well for you with his company platform and strategy on Bitcoin tr\xe2\x80\xa6 https://t.co/BMriHQ4zvF',b'_Kathy_31'
2021-05-30 14:26:30,"b'@CryptoWhale #Bitcoin\xc2\xa0\xc2\xa0will reach $20,000 by the end of this month'",b'amaurisnunez1'
2021-05-30 14:26:29,b'I strongly agree. Bitcoin is fully bearish. Below 20k USD soon \xe2\x9c\x8c\xef\xb8\x8f #Bitcoin https://t.co/kDwtW4Sxpe',b'theOdumodu'
2021-05-30 14:26:28,b'@cryptomanran I\xe2\x80\x99m going to need a few boxes of those if Bitcoin keeps going down \xf0\x9f\x99\x83',b'slycas512'
2021-05-30 14:26:27,b'Go Rinus! #bitcoin',b'notgrubles'
2021-05-30 14:26:26,b'@rebeccagrants Several altcoin ledgers are decentralized and some are still growing and some will never mature. In\xe2\x80\xa6 https://t.co/U3Pi3EtrDo',b'Chainga73474558'
2021-05-30 14:26:25,"b""@CryptoWhale @michael_saylor definitely has a crack head vibe.  He's not not the most convincing or articulate..  n\xe2\x80\xa6 https://t.co/569jHAww6C""",b'jcbdc88fun'
2021-05-30 14:26:25,"b'Any of #cryptocurrency should not be a cost to the environment as without a clean environment for people to exist,\xe2\x80\xa6 https://t.co/qZ9qyhg17y'",b'asirinonis'
2021-05-30 14:26:25,b'ALERT! MORE BAD NEWS FOR CYRPTO\n SELL BITCOIN AND DOGECOIN NOW\nChinese government effectively bans cryptocurrencies\xe2\x80\xa6 https://t.co/DpcbPkroZ3',b'jimmyblow5'
2021-05-30 14:26:22,b'@EduerdoNieves @alexoncrypto yes stick to your game plan. I got out of bitcoin cash at a 3x when it could have 10x\xe2\x80\xa6 https://t.co/ll3lUYCd6L',b'Johnnysmiths8'
2021-05-30 14:26:22,"b""@Aspie96 @LBRYcom @OdyseeTeam That's like saying Coinomi can deplatform you from their service (which users are lik\xe2\x80\xa6 https://t.co/SObG3HszUl""",b'TheDesertLynx'
2021-05-30 14:26:21,b'Area Twitter #IPOB Reece Champions league\n\n#Bitcoin #Forsage #cz_binance \n\nJoin My Forsage BUSD Team Made Up Of Stu\xe2\x80\xa6 https://t.co/QXvpvvjMH8',b'IkeguluD'
2021-05-30 14:26:17,b'@jclcapital interesting positive correlation between #Bitcoin and #DXY over the past two months while #GOLD and\xe2\x80\xa6 https://t.co/VXVu4Dq1NC',b'AustrianAnalyst'
2021-05-30 14:26:17,b'@JohnEDeaton1 @MackAttackXRP \xf0\x9f\x91\x80 \xf0\x9f\x91\x80 Fun fact: \xe2\x80\x98only about 2% of the Bitcoin addresses hold 1 Bitcoin or more\xe2\x80\x99.',b'MrsWendyBendy'
2021-05-30 14:26:17,"b'@CoinDesk @davidzmorris #Bitcoin has all the potential of an asset that can be saved, retrieved and exchanged at a\xe2\x80\xa6 https://t.co/x01ZYTHQta'",b'carrisamarie0'
2021-05-30 14:26:17,"b""@rda100 @michael_saylor We don't  buy bitcoin\nWe earn bitcoin From Mining \nI'm ready to show you and few lucky peop\xe2\x80\xa6 https://t.co/5B7KjtbJ9m""",b'LeviDickens1'
2021-05-30 14:26:15,"b'JUST LAUNCHED CLAIM 2,500,000 #MAXTOKEN   Airdrop Link: https://t.co/8QvXsYEb2V  #airdrop #BSC #BNB #PancakeSwap\xe2\x80\xa6 https://t.co/9opTMiC9qV'",b'FX48482215'
2021-05-30 14:26:14,b'@cryptoworld202 Buy #Bitcoin\xc2\xa0\xc2\xa0on sale  \xf0\x9f\x99\x8c\xf0\x9f\x8f\xbb',b'OneDayPete'
2021-05-30 14:26:13,b'@The_Ring_Lord @ToneVays You all need to diamond rectum bitcoin to $10k. Test your mettle.',b'senk99'
2021-05-30 14:26:13,b'@007andXxx Once Bitcoin starts moving again in 3-4 months then ALTs will also.',b'Talawonderman'
2021-05-30 14:26:12,"b""@Steve02055632 @aplfintech It's funny how Bitcoin Maxis hate on XRP,  and XRP Maxis hate on Apollo. \xf0\x9f\x98\x82""",b'Earlcoles1'
2021-05-30 14:26:11,b'@BigCheds Who tf wants 20k bitcoin? I know smart money would buy it. But I see no one cheering on 20k. Serious and genuine tone here.',b'crypto_graphica'
2021-05-30 14:26:11,"b'@CoinDesk @lightning @roasbeef #Bitcoin has all the potential of an asset that can be saved, retrieved and exchange\xe2\x80\xa6 https://t.co/KTgAm9X6gN'",b'carrisamarie0'
2021-05-30 14:26:10,"b'\xe2\x80\x9cBitcoin Mixer Operation Shutdown. Monero To The Rescue\xe2\x80\x9d with @MoneroTalk, @DonYakka , @DouglasTuman, @anhdres ,\xe2\x80\xa6 https://t.co/SBUYQKbQa2'",b'CryptoTweetie'
2021-05-30 14:26:10,b'This Ethereum metric exceeds Bitcoin\xe2\x80\x99s again! Here\xe2\x80\x99s the impact  \n\n#btc #bitcoin #cryptocurrency #ethereum #\xe4\xbb\xae\xe6\x83\xb3\xe9\x80\x9a\xe8\xb2\xa8\xe2\x80\xa6 https://t.co/L0LcSUEmak',b'nowonbitcoin'
2021-05-30 14:26:08,"b""A 2 to 6-week dip is still a DIP.\n\nIt's not a bear market. \n\nIt's pure manipulation.\n\n#Crypto #Bitcoin""",b'innershirts'
2021-05-30 14:26:08,"b'Check out these guys @IbizaToken  representing one of the best holidays destination and it\xe2\x80\x99s citizens , Ibiza, Spai\xe2\x80\xa6 https://t.co/hoJuaAWtrf'",b'crypto_skeptic'
2021-05-30 14:26:07,b'@ewnupdates @Eliot_syke has all it takes to turn things well for you with his company platform and strategy on Bitc\xe2\x80\xa6 https://t.co/TVSdxPUtk2',b'_Kathy_31'
2021-05-30 14:26:06,"b""@GigaBTC If the shot at human freedom that #Bitcoin offer fails, money won't be of any use. Same applies if the CCP\xe2\x80\xa6 https://t.co/yLCr1t2xTq""",b'fernevak'
2021-05-30 14:26:04,"b'Bitcoin Price Prediction: BTC/USD Touches $40,855 Daily High Biz Builder Mike https://t.co/kTlncJYrdn https://t.co/vuchJ0cu5i'",b'amitjain13'
2021-05-30 14:26:03,b'@BigCheds I ...for one...and I think am speaking for many others...absofnlutely DO NOT want a $20k #bitcoin',b'LeeVanCleef1'
2021-05-30 14:26:02,b'I have a strong feeling @rinusveekay and that @ECRIndy @Bitcoin car is going to be really strong and surprise a lot\xe2\x80\xa6 https://t.co/fzM6I5rPTV',b'DrunkAtIndy'
2021-05-30 14:26:01,b'@CryptoWhale Once Again We Have Sooken #madolorian #Bitcoin',b'MrPresidentTy'
2021-05-30 14:26:00,b'@BillyM2k @BarrySilbert @UFMJA @ClayLambert20 @WayneVaughan @elonmusk sell all bitcoin',b'Roussel44748534'
2021-05-30 14:25:58,b'I have no more cash to buy more $egld\nShould I get a second mortgage?\n$btc $eth $vet $xrp #Bitcoin',b'privacybull'
2021-05-30 14:25:57,"b'@edcarpenter20 @APompliano @ECRIndy #Bitcoin has all the potential of an asset that can be saved, retrieved and exc\xe2\x80\xa6 https://t.co/sMYgQuPePj'",b'carrisamarie0'
2021-05-30 14:25:56,b'@CryptoWhale Bitcoin will rob all your savings by the end of this year! \xf0\x9f\x98\x82',b'mikes511'
2021-05-30 14:25:56,"b""@UMattraa @BinanceChain We don't  buy bitcoin\nWe earn bitcoin From Mining \nI'm ready to show 10 lucky people on how\xe2\x80\xa6 https://t.co/eK94C6YqPg""",b'raferacrypto'
2021-05-30 14:25:53,b'@surferjimw I\xe2\x80\x99ve never felt so confident about an asset before. Stocks are too volatile for me right now and unpred\xe2\x80\xa6 https://t.co/wjKqOlub9I',b'MarRaremos'
2021-05-30 14:25:53,"b""@akmanCapital @michael_saylor We don't  buy bitcoin\nWe earn bitcoin From Mining \nI'm ready to show you and few luck\xe2\x80\xa6 https://t.co/dXFdxTskdS""",b'LeviDickens1'
2021-05-30 14:25:53,b'@kreizmen There are matching lists for most common languages. The words are chosen to require only the first 3 or 4\xe2\x80\xa6 https://t.co/gL4nY1iu4H',b'io_terry'
2021-05-30 14:25:53,b'@Bitcoin_K_S_A @CoinMENA Done \xf0\x9f\x8c\x9a\xe2\x99\xa5\xef\xb8\x8f',b'maxz_si'
2021-05-30 14:25:51,b'@SoumenJ09460390 @digitalassetbuy Isn\xe2\x80\x99t Bitcoin Cash the upgrade? \xf0\x9f\x98\x82',b'kamagloire'
2021-05-30 14:25:51,b'@CryptoWhale @ToneVays What do you think ? #Bitcoin',b'captainyigithan'
2021-05-30 14:25:50,"b""Buy the dip. If price holds $30k support at least you're covered. \n\n#bitcoin #btc #ethereum #eth #crypto #SOL #solana #solanaszn""",b'BigDickkEnergy'
2021-05-30 14:25:48,"b""I found #bitcoin in a Blue vault at this location! Join me playing #coinhuntworld, It's awesome!\xe2\x80\xa6 https://t.co/FsphBnfwkC""",b'Oldmanlime1'
2021-05-30 14:25:48,"b'@crypto_birb Thanks to the platform i made my #BITCOIN  investment, have had no loss during this whole dip!\nMy prof\xe2\x80\xa6 https://t.co/63U7EQZ2vJ'",b'kendralouis01'
2021-05-30 14:25:47,b'The Bitcoin network struggling to get its usual dose of summer time renewables. Little rain + high demand mean that\xe2\x80\xa6 https://t.co/w5Mc39pump',b'DigiEconomist'
2021-05-30 14:25:46,"b'@APompliano @HODL_sworth #Bitcoin has all the potential of an asset that can be saved, retrieved and exchanged at a\xe2\x80\xa6 https://t.co/8UVjIGlh4E'",b'carrisamarie0'
2021-05-30 14:25:45,b'$MSHIBA to the moon! Pre-sale June 1st\n\nJoin discord&amp;telegram\nhttps://t.co/2fP0b68IiC\n\n#presale #presales #BSC #BNB\xe2\x80\xa6 https://t.co/4HBEJs2aBb',b'Medai01097198'
2021-05-30 14:25:45,"b'@CryptoWhale #Bitcoin ohh you mean $200,000++ ?'",b'itskenil'
2021-05-30 14:25:42,b'@CryptoWhale May bE rigHT cUzz tHe grapH iTs same likE iT waS in 2017\xf0\x9f\x98\x85\xf0\x9f\x98\x85\n#Bitcoin',b'MuneebK60796649'
2021-05-30 14:25:41,b'@ewnreporter @CapeTalk @Radio702 @Eliot_syke has all it takes to turn things well for you with his company platform\xe2\x80\xa6 https://t.co/QUKITnUnOD',b'_Kathy_31'
2021-05-30 14:25:40,b'Bitcoin invented by NSA forsure. And I m sure they have a backdoor for that algorthm. When they are done with bitcoin ......',b'Atakana96054533'
2021-05-30 14:25:40,b'F1 Bitcoin #Bitcoin $BTC',b'SuddenlySatoshi'
2021-05-30 14:25:40,b'Crypto God #Bitcoin $BTC',b'SuddenlySatoshi'
2021-05-30 14:25:40,"b'WHY AM I JUST FINDING THIS OUT? DO. NOT. BUY. #BITCOIN\n\n\xe2\x80\x9cBitcoin will be \xe2\x80\x98halving\xe2\x80\x99 April 25, 2024. This means whate\xe2\x80\xa6 https://t.co/OkuuSW47cg'",b'SweepTheLows'
2021-05-30 14:25:39,b'@PeterMcCormack Frickin awesome day to be a #bitcoin peep',b'BitcoinManor'
2021-05-30 14:25:39,"b""@JohnPatman4 @michael_saylor We don't  buy bitcoin\nWe earn bitcoin From Mining \nI'm ready to show you and few lucky\xe2\x80\xa6 https://t.co/iL22mC4EW2""",b'LeviDickens1'
2021-05-30 14:25:39,b'@mzwaimbeje @SABCNews @Eliot_syke has all it takes to turn things well for you with his company platform and strate\xe2\x80\xa6 https://t.co/SOHoGRjiIu',b'_Kathy_31'
2021-05-30 14:25:38,b'@NftCollector31 The Birth of Bitcoin\xc2\xa0 \xe2\x9c\xa8\xf0\x9f\xa7\x9a https://t.co/PEFBOke4kC\n#nft #nftart #nftartist #nftcollector',b'NegarFakhar'
2021-05-30 14:25:37,"b""Haven't looked at the #crypto market all weekend this far. Reading thru crypto Twitter I'd have expected 20K\xe2\x80\xa6 https://t.co/uiyshg1CBp""",b'samvolkering'
2021-05-30 14:25:36,"b'@Frances_Coppola Same people who are unbanked your mean? These people will easy get a smartphone, and buy some bitc\xe2\x80\xa6 https://t.co/cgwChJO2he'",b'Enkitek'
2021-05-30 14:25:35,"b'@CobraBitcoin @DanielKrawisz @bitcoin_pizza @nntaleb @CoinMarketCap Honestly Cobra, what do you like about BTC?'",b'TwetchUser5228'
2021-05-30 14:25:35,"b'@APompliano #Bitcoin has all the potential of an asset that can be saved, retrieved and exchanged at a later time,\xe2\x80\xa6 https://t.co/dg4z1Nm0Ji'",b'carrisamarie0'
2021-05-30 14:25:34,"b'Brazilians Who Held $1,000 in Crypto Last Year Must Report It on Tax Returns by End of May https://t.co/nLFtg34BJM'",b'bizgram'
2021-05-30 14:25:30,"b'Crypto is unique, networks being build on the biggest network we have - the internet. Using TA on #Bitcoin works, b\xe2\x80\xa6 https://t.co/VzzEmavCs8'",b'bitcosaurus'
2021-05-30 14:25:29,b'@RealJamesWoods Invest in Bitcoin',b'RyanMcKenna20'
2021-05-30 14:25:29,b'@EdanYago Everything is corruptible including Bitcoin. Thinking otherwise is another strategic mistake. I hope you\xe2\x80\xa6 https://t.co/T45Gc2mOPU',b'_subguru'
2021-05-30 14:25:28,b'Nft nfts defi \na wallet .. combine .. \nproject like. I do not support. \nI refuse ..\n\nsimple miner. bitcoin similar\xe2\x80\xa6 https://t.co/WvwWfw0UrF',b'Brokerhayaliku2'
2021-05-30 14:25:26,"b'@TheMoonCarl Thanks to the platform i made my #BITCOIN  investment, have had no loss during this whole dip!\nMy prof\xe2\x80\xa6 https://t.co/1JUQx205oM'",b'kendralouis01'
2021-05-30 14:25:25,b'ALERT! MORE BAD NEWS FOR CYRPTO\n SELL BITCOIN AND DOGECOIN NOW\nChinese government effectively bans cryptocurrencies\xe2\x80\xa6 https://t.co/36VWJfUvVG',b'jimmyblow5'
2021-05-30 14:25:23,b'Broke: growing weed indoors for money\nWoke: mining bitcoin indoors for money\nBespoke: illegally tapping electrical\xe2\x80\xa6 https://t.co/RJV0Ffql4r',b'TheSuppressed86'
2021-05-30 14:25:21,b'@Chriseldalewis @SABCNews @Eliot_syke has all it takes to turn things well for you with his company platform and st\xe2\x80\xa6 https://t.co/OjLogKDLfE',b'_Kathy_31'
2021-05-30 14:25:19,b'#birthdayboy #linkedin #twitter #facebook #instagram #tiktok #socialmedia #pinterest #dogecoin #deal #gift #gifts\xe2\x80\xa6 https://t.co/XzSGGGbxm2',b'bmurphypointman'
2021-05-30 14:25:19,b'@finanonce @Anthony34207401 @unusual_whales AMC will never go to 500k. It will never go to 100k. You can save this\xe2\x80\xa6 https://t.co/vJNuJPN7fR',b'CyclesWP'
2021-05-30 14:25:17,b'@airdropinspect Good project and congratulations to the whole team for their efforts and dedication and commitment.\xe2\x80\xa6 https://t.co/bGjcWBDMX8',b'purharto'
2021-05-30 14:25:11,"b'@TheMoonCarl Thanks to the platform i made my #BITCOIN  investment, have had no loss during this whole dip!\nMy prof\xe2\x80\xa6 https://t.co/TUxQCuBSF8'",b'kendralouis01'
2021-05-30 14:25:10,b'Bitcoin too boring. Please make some move',b'trucle90287810'
2021-05-30 14:25:10,"b'@CharlieShrem #Bitcoin has all the potential of an asset that can be saved, retrieved and exchanged at a later time\xe2\x80\xa6 https://t.co/kA9EYFOE9U'",b'carrisamarie0'
2021-05-30 14:25:08,"b'Bitcoin\xe2\x80\x99s Price Regains Some Losses, Signals Still Show Indecisive Crypto Markets https://t.co/8Mh4amwyZn #Bitcoin\xe2\x80\xa6 https://t.co/S0baPASzvS'",b'KhalifaNassif'
2021-05-30 14:25:08,b'FOR FREE bitcoin and paypal earnings on as Follows ||||||\n\nFREE sign up on\nhttps://t.co/crMwnkxqK5\xe2\x80\xa6 https://t.co/W9HAWI2PCj',b'ForEarnMiners'
2021-05-30 14:25:08,b'@SABCNews @Eliot_syke has all it takes to turn things well for you with his company platform and strategy on Bitcoi\xe2\x80\xa6 https://t.co/fW9lVwnitK',b'_Kathy_31'
2021-05-30 14:25:07,b'@airdropinspect I love your project \xf0\x9f\x98\x8d\xf0\x9f\xa5\xb0\n\n#Airdrop #Airdrops #Airdropinspector #Crypto #Bitcoin \n\n@Bittuverma7\xe2\x80\xa6 https://t.co/4ecYN2ZYk7',b'AbhayKundu11'
2021-05-30 14:25:06,b'@Apluscomm1David @drboycewatkins1 I still think #Bitcoin is the better hedge',b'daymianmaryk'
2021-05-30 14:25:05,b'\xf0\x9f\x9a\x80\xf0\x9f\x9a\x80\xf0\x9f\x9a\x80 $KSM Long Position \xf0\x9f\x9a\x80\xf0\x9f\x9a\x80\xf0\x9f\x9a\x80\nEntry Price: 290.73\nTarget:292.125\nStop:287.764\n#Binance #Bitcoin #Signals #Sell\xe2\x80\xa6 https://t.co/5136JZdFyR',b'hobabot'
2021-05-30 14:25:03,b'The #Bitcoin Crash of 2021 Compared to Past Sell-Offs\nvia @VisualCap\n@nigewillson @Hana_ElSayyed @MikeQuindazzi\xe2\x80\xa6 https://t.co/bF02XFKvaa',b'smullian'
2021-05-30 14:25:03,b'@Safebite_crypto Good project!\n@Lytran1402 @lieutran2302 @TrnNa22640159 \n#Airdrop #Bitcoin #Ethereum #Crypto #crypto #SafeBite #SBITE',b'HTran223'
2021-05-30 14:25:02,b'@eNCA @Eliot_syke has all it takes to turn things well for you with his company platform and strategy on Bitcoin tr\xe2\x80\xa6 https://t.co/nWpaMIzvZd',b'_Kathy_31'
2021-05-30 14:25:01,b'ALERT! MORE BAD NEWS FOR CYRPTO\n SELL BITCOIN AND DOGECOIN NOW***8\nChinese government effectively bans cryptocurren\xe2\x80\xa6 https://t.co/wfqCnsxuLR',b'jimmyblow5'
2021-05-30 14:25:00,b'Special thanks to: \n- Our sponsor @NYDIG_BTC; and\n- Everyone who listens and subscribes\n\n#WhatisMoney #Bitcoin',b'WhatisMoneyShow'
2021-05-30 14:25:00,b'@jamesjyucel @Lionel46294550 Xrp replacing bitcoin \xf0\x9f\xa4\xa3\nCrypto delusion at its finest',b'nneko124'
2021-05-30 14:24:59,"b'@doctormann @nandan_raggu @nntaleb @MedicinePrimal Bitcoin was birthed using a credit card payment. \n\n""with a numbe\xe2\x80\xa6 https://t.co/48bKOIbhGw'",b'dickcata'
2021-05-30 14:24:59,b'https://t.co/i7j5OeYv0O\n\nMy latest #Bitcoin targets &amp; Analysis.\n#btc #crypto',b'100Coiner'
2021-05-30 14:24:58,"b'@WClementeIII You need to save that name tag for the day that bitcoin dips from 1M/BTC to $700,000/BTC.  It can be the running joke'",b'JohnOdetteMD'
2021-05-30 14:24:52,b'@AldrinSampear @Eliot_syke has all it takes to turn things well for you with his company platform and strategy on B\xe2\x80\xa6 https://t.co/C0NnZ2jY9q',b'_Kathy_31'
2021-05-30 14:24:51,b'WiM018 - The Booth Series | Episode 8 | Unity and Conflict.\n@JeffBooth and I discuss:\n\n- Inflation \n- Social Solida\xe2\x80\xa6 https://t.co/XZQ29AS2Lo',b'WhatisMoneyShow'
2021-05-30 14:24:51,b'@RussellOkung @PNCBank bitcoin or bust',b'stoladev'
2021-05-30 14:24:51,b'#Bitcoin OrdersMatched:\n buys 0.51176 mbtc at price = 24914.0 GBP/BTC at time = 30-05-2021 15:24:51',b'dlefcoe'
2021-05-30 14:24:50,b'@HaileyLennonBTC Altcoiners should read the bitcoin whitepaper',b'aquilisdicio'
2021-05-30 14:24:49,b'WHAT THE H&amp;3L IS HAPPENING WITH BITCOIN &amp; ETHEREUM?????? https://t.co/G7szvYvxAn via @YouTube\n\nLive Stream \xf0\x9f\x92\xa5\xf0\x9f\x92\xa5\xf0\x9f\x92\xa5',b'CryptMj'
2021-05-30 14:24:49,"b'Things you don\xe2\x80\x99t read at market bottoms. \nAs long as we see tweets like these, #Bitcoin has room for (much) lower. https://t.co/drJ6cWUz1i'",b'jfhksar88'
2021-05-30 14:24:49,"b'If you want to be a successful trader, the first rule is to forget about fear....\n\n#Bitcoin'",b'ravi_dudu'
2021-05-30 14:24:47,"b""@gardling @nntaleb @Eastifer @Zdch3 @paalsky @libitx Looks like he's a masochist then, if he deliberatly wants to g\xe2\x80\xa6 https://t.co/hTz1NB4k0K""",b'VrilKing'
2021-05-30 14:24:45,b'@RussellOkung @PNCBank I CHOOSE #BITCOIN https://t.co/5CVBlbIVhh',b'BVBTC'
2021-05-30 14:24:43,"b""@inmortalcrypto #Bitcoin\xc2\xa0 stop messing around, you're not fooling anyone. We know there'll be a new ATH soon. \n\nHey\xe2\x80\xa6 https://t.co/xYGBwcU4CS""",b'karwanewalitrav'
2021-05-30 14:24:42,b'Buy bitcoin/dogecoin https://t.co/naaeHyQ3h2',b'JRadigalesG'
2021-05-30 14:24:41,"b'@bitcoin_vanga @Pastore1314 A gift for my Syrian brothers, this way, $100 for free $ 100 gift provided by binance w\xe2\x80\xa6 https://t.co/3isxmcfHCa'",b'ajory_omar'
2021-05-30 14:24:41,b'The smartest money in the space - #Few hardly appropriate anymore. It\xe2\x80\x99s feeling like #Bitcoin 5 years ago -  This i\xe2\x80\xa6 https://t.co/YDq53N2OuU',b'markrcrypto'
2021-05-30 14:24:41,b'Biden unveils $6 trillion 2022 budget that includes costly pandemic recovery and jobs plans - ABC News -\xe2\x80\xa6 https://t.co/QnNemqN2WO',b'Goldtrader14'
2021-05-30 14:24:38,b'#Indy500 + #Bitcoin = Motorsport History in the making. Thanks @edcarpenter20 https://t.co/KVnJLLxzVN',b'spacephilman'
2021-05-30 14:24:37,"b""Here's how traders use call options to increase their Bitcoin holdings   #bybit #bitcoin #club88 #bybitchallenge https://t.co/CkSOhkiYZg""",b'CryptradeVip'
2021-05-30 14:24:35,"b""@EdanYago @fluidvoice @BlockDebate @muneeb @Stacks I agree it's debatable. I'm fine being wrong. What confuses me i\xe2\x80\xa6 https://t.co/40QRTtU6Rn""",b'SomsenRuben'
2021-05-30 14:24:32,b'@SowetanLIVE @Eliot_syke has all it takes to turn things well for you with his company platform and strategy on Bit\xe2\x80\xa6 https://t.co/Mp7amX0uD9',b'_Kathy_31'
2021-05-30 14:24:30,b'@AbasFreshly @SolanaNOT @LaBi_coins @JohnAkp10748544 @NellyBass7 ALERT! MORE BAD NEWS FOR CYRPTO\n SELL BITCOIN AND\xe2\x80\xa6 https://t.co/RBb7CumVvo',b'jimmyblow5'
2021-05-30 14:24:29,b'@Bitcoin_K_S_A @CoinMENA Goodluck',b'AssepYunant'
2021-05-30 14:24:27,b'@TimesLIVE @Eliot_syke has all it takes to turn things well for you with his company platform and strategy on Bitco\xe2\x80\xa6 https://t.co/rOPsjJUPij',b'_Kathy_31'
2021-05-30 14:24:23,"b'Bitcoin is up 272% over the past year to today.\n\nYet, according to my Twitter feed, I have made the worst investmen\xe2\x80\xa6 https://t.co/f59i53250V'",b'jratcliff'
2021-05-30 14:24:22,"b'@binance #Bitcoin has all the potential of an asset that can be saved, retrieved and exchanged at a later time, and\xe2\x80\xa6 https://t.co/UsmAmKBFxA'",b'carrisamarie0'
2021-05-30 14:24:20,b'Bitcoin 2021 explained by Matt LeBlanc\n\nHow it started.       How its going https://t.co/2y96BPFcOy',b'BitcoinIsWisdom'
2021-05-30 14:24:20,b'@educarteconomic \xf0\x9f\x8e\x81 @Libonomy blockchain can provide the fastest blockchain network speed in the industry.\xf0\x9f\x8e\x89\xe2\x80\xa6 https://t.co/IsnEkg15dX',b'UbbinMofiz'
2021-05-30 14:24:20,"b""@SUNILRA17999897 @BinanceChain We don't  buy bitcoin\nWe earn bitcoin From Mining \nI'm ready to show 10 lucky people\xe2\x80\xa6 https://t.co/YkybXb9sFk""",b'raferacrypto'
2021-05-30 14:24:19,b'@BarrySilbert @UFMJA @BillyM2k @ClayLambert20 @WayneVaughan @elonmusk sell all Bitcoin',b'Roussel44748534'
2021-05-30 14:24:17,"b'@binance @HVinitzki #Bitcoin has all the potential of an asset that can be saved, retrieved and exchanged at a late\xe2\x80\xa6 https://t.co/mGmmximn8R'",b'carrisamarie0'
2021-05-30 14:24:15,"b'Brazilians Who Held $1,000 in #Crypto Last Year Must Report It on Tax Returns by End of May https://t.co/vv7eiXDjC2 via @BTCTN'",b'suedostasien'
2021-05-30 14:24:13,"b""@AlexDelarge6553 \xf0\x9f\x98\x82.. There's a few I'd like to cash in as well.. Can we request Bitcoin for payment in return for a few followers?""",b'JohnRSpano1'
2021-05-30 14:24:09,b'This Ethereum metric exceeds Bitcoin\xe2\x80\x99s again! Here\xe2\x80\x99s the impact #BTC #ETH\nhttps://t.co/nWLIyJFfKv',b'PABS_News'
2021-05-30 14:24:08,b'@TheCitizen_News @Eliot_syke has all it takes to turn things well for you with his company platform and strategy on\xe2\x80\xa6 https://t.co/plp1L8ypi5',b'_Kathy_31'
2021-05-30 14:24:04,b'@QuintenFrancois When the US prints more $USD then the value of $USD get debased further (already pretty weak) so t\xe2\x80\xa6 https://t.co/btPM6VmMU8',b'nkcryptoio'
2021-05-30 14:24:04,b'Don\xe2\x80\x99t loose hands that feed your family #Crypto #cryptocurrency market is now very volatile as suitable for people\xe2\x80\xa6 https://t.co/m1C4mUlt3w',b'turkiyeyabanci'
2021-05-30 14:24:03,"b""Latest News Bitcoin's Future Milestones - Analytics Insight https://t.co/oA6t2l2yts""",b'VenueFinder'
2021-05-30 14:24:02,b'Bitcoin (BTC USD) Cryptocurrency Price Bitcoin Slumps as Kuroda Adds Criticism - Bloomberg https://t.co/FEwYM0j7Ud',b'VenueFinder'
2021-05-30 14:24:01,"b'Market Wrap: Bitcoin Slides to $35K, ETH to $2.4K on Biden, Environmental Bearishness - Yahoo Finance https://t.co/E4f8wl6iBP'",b'VenueFinder'
2021-05-30 14:23:58,"b'@rebeccagrants So if we want the altcoins pump, we must pump #bitcoin first.'",b'MachoCryptoo'
2021-05-30 14:23:58,b'ALERT! MORE BAD NEWS FOR CYRPTO\n SELL BITCOIN AND DOGECOIN NOW))\nChinese government effectively bans cryptocurrenci\xe2\x80\xa6 https://t.co/WTxcmfJlcm',b'jimmyblow5'
2021-05-30 14:23:57,b'Bitcoin or @PNCBank.\n\nWe race for the people. https://t.co/95atkEQAJW',b'RussellOkung'
2021-05-30 14:23:56,b'@Bitcoin_K_S_A @CoinMENA Done\xf0\x9f\x92\xaa\xf0\x9f\x8f\xbd\xf0\x9f\x98\x8d',b'ElrondHodler'
2021-05-30 14:23:54,"b""A design straight to the point. I have been working on a similar design and maybe you should check me out. I'm kind\xe2\x80\xa6 https://t.co/vPVrh1dAuz""",b'mamunislam85'
2021-05-30 14:23:52,b'The $BTC bounce to ATH will be epic. Not a matter of if but when. Hodl #bitcoin.',b'widstje'
2021-05-30 14:23:52,b'#Bitcoin\n\n\xe2\x84\xb9\xef\xb8\x8f Dominance cycle suggests the 2017 crypto rally could repeat.\n\n\xe2\x8f\xa9Bitcoin dominance patterns are showing\xe2\x80\xa6 https://t.co/1v4Blge6Zb',b'crypto_religion'
2021-05-30 14:23:51,"b""@hardmoneymag Wow, how can so many have any thought that this is real... it's a joke folks... bitcoin (and even dog\xe2\x80\xa6 https://t.co/6JA58b1o8Q""",b'crthomas62'
2021-05-30 14:23:48,b'The Bitcoin 2021 Conference was initially scheduled to hold between April 30 to May 1 in Los Angeles but due to COV\xe2\x80\xa6 https://t.co/MIMT5pVs91',b'sofia_invest'
2021-05-30 14:23:47,"b""@HichemDigital @michael_saylor We don't  buy bitcoin\nWe earn bitcoin From Mining \nI'm ready to show you and few luc\xe2\x80\xa6 https://t.co/HtVEOhGv5C""",b'LeviDickens1'
2021-05-30 14:23:45,b'@traderjmax @Atheistoner132 @stock_jobber $ADA at least has utility. Bitcoin and Doge are both just currencies.. an\xe2\x80\xa6 https://t.co/huy57ZznDm',b'JTMakesMoney'
2021-05-30 14:23:42,"b""@kr1_x2 @AlphaPointScott @davthewave @LukeHuch Says who? I don't think this cycle is over. I think we're gonna go i\xe2\x80\xa6 https://t.co/Y8jkDT9y0R""",b'MrPlanN'
2021-05-30 14:23:42,"b'#Bitcoin\xc2\xa0will NOT reach $100,000 by the end of this year!'",b'CryptoWhale'
2021-05-30 14:23:42,b'@BarrySilbert @BillyM2k @UFMJA @ClayLambert20 @WayneVaughan @elonmusk sell all Bitcoin',b'Roussel44748534'
2021-05-30 14:23:41,b'@SABCNews @Eliot_syke has all it takes to turn things well for you with his company platform and strategy on Bitcoi\xe2\x80\xa6 https://t.co/xr3ii8zbsx',b'_Kathy_31'
2021-05-30 14:23:41,"b'#latepost ""Perfect spider lines"" Xd \n#chart #Crypto #TradingView #Bitcoin https://t.co/8nsGc4jXEa'",b'Jasonwisely21'
2021-05-30 14:23:40,b'@stacyherbert @chrismartenson Yep I started watching his videos over a year ago and sharing on FB only to be shoute\xe2\x80\xa6 https://t.co/UWwYUxBBW2',b'MasterJamesMace'
2021-05-30 14:23:39,"b""@ethernaal It's a very Good projects for crypto assets such as generating, holding coins and information about new\xe2\x80\xa6 https://t.co/tnWsnnJCw1""",b'elianna520'
2021-05-30 14:23:38,b'@p1r473 Yes.  Gold is analog sound money.  Bitcoin is digital sound money.',b'LawrenceLepard'
2021-05-30 14:23:35,b'Is the market recovering? #Bitcoin What do expect in June?',b'IndiaWazirX'
2021-05-30 14:23:34,b'@eNCA @FaithMangope @BetterBondSA @Eliot_syke has all it takes to turn things well for you with his company platfor\xe2\x80\xa6 https://t.co/bynJZpdTMM',b'_Kathy_31'
2021-05-30 14:23:34,b'@surferjimw Young noobs chasing quick $$\xe2\x80\x99s.. So they think?  Simple.. learn about #Bitcoin buy #Bitcoin hodl #Bitcoin',b'Bitdaddy1m'
2021-05-30 14:23:34,b'@Davincij15 Why just hodl? We guarantee 10\xc3\x97 your investment capital trading with us in #bitcoin. Saving does make y\xe2\x80\xa6 https://t.co/HD5Ghb3sjf',b'wonderwomanfor'
2021-05-30 14:23:32,"b""@123cookiec @godblesstofu @DanielWhiley It's the one I'll be getting on Binance too...if the bitcoin I've just sent\xe2\x80\xa6 https://t.co/fSPuuozp9T""",b'TheRawSpeak'
2021-05-30 14:23:31,"b'@stage274 @tingxiao7 @JohnLawSite As soon as a blockchain touches the real world, its guarantee of trustlessness is\xe2\x80\xa6 https://t.co/Q8YPo318WP'",b'topimp21'
2021-05-30 14:23:29,b'@udiWertheimer Crypto was cool before bitcoin.\n\nFew.',b'NatoshiSakatoto'
2021-05-30 14:23:28,"b""@MatthewBetting1 @michael_saylor We don't  buy bitcoin\nWe earn bitcoin From Mining \nI'm ready to show you and few l\xe2\x80\xa6 https://t.co/VZTv5oWPoF""",b'LeviDickens1'
2021-05-30 14:23:26,"b'@LordyCrypto @rebeccagrants I\xe2\x80\x99ve literally retired from owning bitcoin, but you dumb pricks have the due diligence\xe2\x80\xa6 https://t.co/7we5pGUxC5'",b'0Wilfred2'
2021-05-30 14:23:25,"b""@T_Senoj @katastrophe_xo We don't  buy bitcoin\nWe earn bitcoin From Mining \nI'm ready to show 10 lucky people on ho\xe2\x80\xa6 https://t.co/QaOCrQkdbb""",b'raferacrypto'
2021-05-30 14:23:25,"b'Every Fourth Australian Willing to Be Paid in Bitcoin, Poll Finds \xe2\x80\x93 News Bitcoin News - Bitcoin News\nhttps://t.co/Tn8zjlIiRt'",b'NewsfeedsMedia'
2021-05-30 14:23:25,b'@eNCA @Eliot_syke has all it takes to turn things well for you with his company platform and strategy on Bitcoin tr\xe2\x80\xa6 https://t.co/oXwn8ArTEH',b'_Kathy_31'
2021-05-30 14:23:23,"b'Actually, Bitcoin is kind of like owning part the internet https://t.co/pEBFKn0Wk3'",b'HaileyLennonBTC'
2021-05-30 14:23:22,"b'Red Wine and Red Pussy, a perfect night! #cryptogirl #cryptocurrency #Bitcoin #bnb #dogecoin https://t.co/yIti4dgs3h'",b'Veronic99074682'
2021-05-30 14:23:22,"b'JUST LAUNCHED CLAIM 2,500,000 #ZETBNB   Airdrop Link: https://t.co/TcGOrDoGZF  #airdrop #BSC #BNB #PancakeSwap\xe2\x80\xa6 https://t.co/pdB70EXyhn'",b'mekkdr'
2021-05-30 14:23:21,b'Summoning circle for bitcoin over 40k. You can do itttt',b'TaurosCrypto'
2021-05-30 14:23:21,b'@pingsamee @Bitcoin coin values/price are attached to bitcoin',b'perry_nicci'
2021-05-30 14:23:21,b'BITCOIN DESERT AIRDROP \nREWARD - 4 BILLION TOKEN \nVALUE - $20\nREFER - YES \n400 MILION EACH REFERRAL\xe2\x80\xa6 https://t.co/wSNDipeLo1',b'imperiopbitcoin'
2021-05-30 14:23:20,"b""@cioyx20 @crypto_birb You think the fear/greed index being extreme fear in May is an indicator Bitcoin won't reach 100k by December?""",b'ForeRight26'
2021-05-30 14:23:18,"b'Bitcoin 2021, an annual Crypto conference, will hold in Miami with 12,000 attendees and keynote speakers which incl\xe2\x80\xa6 https://t.co/pvu87sQ1wl'",b'sofia_invest'
2021-05-30 14:23:17,"b'Woow, amazing artwork by my friend @sasha_rts! #Bitcoin fans, where are you? https://t.co/TfLH1ThWyY'",b'imgh05t'
2021-05-30 14:23:17,"b""@NikolaDaskalov9 @cryptonary @michael_saylor We don't  buy bitcoin\nWe earn bitcoin From Mining \nI'm ready to show y\xe2\x80\xa6 https://t.co/HmQRDMA6G6""",b'LeviDickens1'
2021-05-30 14:23:17,b'@SABCNews @Eliot_syke has all it takes to turn things well for you with his company platform and strategy on Bitcoi\xe2\x80\xa6 https://t.co/JqVn7HXQbN',b'_Kathy_31'
2021-05-30 14:23:16,b'@BillyM2k @BarrySilbert @UFMJA @ClayLambert20 @WayneVaughan You have spoilt the crypto market. Doge community has n\xe2\x80\xa6 https://t.co/pvDTpOQFou',b'asgodisgreat'
2021-05-30 14:23:16,b'Seems the powers that be fear #Bitcoin https://t.co/41Oq8Vu4Ev',b'theartistone1'
2021-05-30 14:23:14,"b""@kameya_rsa @katastrophe_xo @earth2honeyy We don't  buy bitcoin\nWe earn bitcoin From Mining \nI'm ready to show 10 l\xe2\x80\xa6 https://t.co/07jP7U88kU""",b'raferacrypto'
2021-05-30 14:23:11,b'@BarrySilbert Dear a bitcoin pls fuck everyone like u fucked me',b'pubg47473'
2021-05-30 14:23:08,b'@CobraBitcoin @DanielKrawisz @bitcoin_pizza @nntaleb @CoinMarketCap Laugh now cry later',b'bsv_is_bitcoin'
2021-05-30 14:23:08,b'NEW VIDEO IS OUT!!\n\nIs this the END of #Bitcoin bull run?!? \xf0\x9f\x98\xb1\nhttps://t.co/kGoDygVCg9\n#Crypto #CryptoNews',b'TheMadCrypto'
2021-05-30 14:23:08,"b'Here Are Crucial Levels To Watch Amid Sustained Bitcoin Correction, According to Crypto Analyst Benjamin\xc2\xa0Cowen https://t.co/EOZPltxpbq'",b'YSojourners'
2021-05-30 14:23:07,"b""@chubyxyz @katastrophe_xo We don't  buy bitcoin\nWe earn bitcoin From Mining \nI'm ready to show 10 lucky people on h\xe2\x80\xa6 https://t.co/a42jwMmGcM""",b'raferacrypto'
2021-05-30 14:23:07,b'@airdropinspect @MDYousu37561721 \n@MdMamun47975508 \n@GMRASHIDI99 \n\nThis is a great project best of luck\n\n#Airdrop\xe2\x80\xa6 https://t.co/hETQTdCVGq',b'Fatema02453803'
2021-05-30 14:23:04,b'@cz_binance $BTCX #BTCX @BitcoinXGen #BitcoinXArmy \n\nNew generation bitcoin for people! #BSC #BSCGems https://t.co/Di1lytLUfW',b'CastrosDcs'
2021-05-30 14:23:04,b'@IOL @Eliot_syke has all it takes to turn things well for you with his company platform and strategy on Bitcoin tra\xe2\x80\xa6 https://t.co/n5HOptKofJ',b'_Kathy_31'
2021-05-30 14:23:03,"b'Correlations for Index historical (Jan-2018) #BTC priced in $USD vs  BTC: 1.0, ETH: 0.51, XRP: 0.42, LTC: 0.59, BCH\xe2\x80\xa6 https://t.co/8mlPdTtUwg'",b'QuantDatalytika'
2021-05-30 14:23:02,"b'In around 1636 the Tulip was a fad currency.  Bought, sold, traded---fortunes made and lost.  Then they realized it\xe2\x80\xa6 https://t.co/iXPV2318vV'",b'fwtoney'
2021-05-30 14:23:00,b'#Crypto #cryptocurrency #cryptocrash #cryptocurrencies #CryptoNews #Cryptoart #cryptotrading #cryptotwitter\xe2\x80\xa6 https://t.co/lmInD1bpUt',b'coin_baazar'
2021-05-30 14:22:58,"b""@CrYptO_yerl As long as Bitcoin doesn't shit the bed again.""",b'kirk_boswell'
2021-05-30 14:22:57,"b""I found #bitcoin in a Blue vault at this location! Join me playing #coinhuntworld, It's awesome!\xe2\x80\xa6 https://t.co/iq3WtxeLP4""",b'Jonatha74012346'
2021-05-30 14:22:56,b'@Sophie_Mokoena @Eliot_syke has all it takes to turn things well for you with his company platform and strategy on\xe2\x80\xa6 https://t.co/tyv0jdRS7e',b'_Kathy_31'
2021-05-30 14:22:54,b'1Pcs Gold Bitcoin Coins Commemorative 2020 New Collectors Gold Plated Bit Coin\n#crypto #cryptocurrency #bitcoin\xe2\x80\xa6 https://t.co/ZzQaqSUdXr',b'theincomeblog'
2021-05-30 14:22:53,"b""@Verstond1 @Ayayron_B10 @Tonatopia @ebugos One thing to be cautious of: it's not possible to get a solid data point\xe2\x80\xa6 https://t.co/LIXm6mHzs3""",b'cardano_shill'
2021-05-30 14:22:51,b'@BarrySilbert @BillyM2k @UFMJA @ClayLambert20 @WayneVaughan Fwiw I\xe2\x80\x99m sure he did many favors announcing dogebtc sho\xe2\x80\xa6 https://t.co/1OBG1h8Rsf',b'MatthewAiyash'
2021-05-30 14:22:50,b'@adliye101 Facebook bitcoin elon',b'kingoatmo'
2021-05-30 14:22:50,b'@KanoTheTruth @nntaleb @Eastifer @Zdch3 @paalsky @libitx @garyvee BTC people are the antifa of crypto.',b'bsv_is_bitcoin'
2021-05-30 14:22:49,"b'Live Top 5 Crypto Prices &amp; 24hr Change (by Market Cap)\n\n1. #bitcoin  $\xe2\x80\xaf35,446 2.19%\n2. #ethereum  $\xe2\x80\xaf2,371.19 -0.54%\xe2\x80\xa6 https://t.co/ZuCqPlda3H'",b'CryptoNews_21'
2021-05-30 14:22:49,b'@ConjoEddie @tlak22785403 @OTC_Bitcoin @bandit__44 He\xe2\x80\x99s a smooth talker I admit.',b'davidbieri1'
2021-05-30 14:22:47,b'@flurbnb @jmanzi123 Done #cryptocurrency #cryptocurrencies #cryptocurrencyNews #ethereum #bitcoin\xc2\xa0 #bnb\xc2\xa0\xe2\x80\xa6 https://t.co/QtbKfgyNLO',b'NeilNurse2'
2021-05-30 14:22:47,"b'Sun May 30 16:22:11 2021 (3:58)\nUSD : 35,521.87\nWght: 135,522\nBlk#: 685,528\nSize: 1,236.6\nTxs : 1,798\nPool: 6,488 (12.5 MB)\n#bitcoin'",b'BlockWatcher'
2021-05-30 14:22:45,"b'Get Free BITCOIN Automatically ($47,000+) Earn 1 BTC in 1 Day\nhttps://t.co/c0FC29nZdC'",b'M_Ikhsane'
2021-05-30 14:22:45,b'@mmodiba10 @Sophie_Mokoena @tito_mboweni @Eliot_syke has all it takes to turn things well for you with his company\xe2\x80\xa6 https://t.co/7k3B1fql4j',b'_Kathy_31'
2021-05-30 14:22:44,b'@BlowMe49622590 @TheNewAmerica77 @chardburned Buying gold as an inflation hedge/value store has been around for 100\xe2\x80\xa6 https://t.co/h1eJv5yc2e',b'taythelot'
2021-05-30 14:22:44,b'Special thanks to: \n- Our sponsor @NYDIG_BTC; and\n- Everyone who listens and subscribes\n\n#WhatisMoney #Bitcoin',b'WhatisMoneyShow'
2021-05-30 14:22:44,b'When people say \xe2\x80\x9cinvest in yourself\xe2\x80\x9d I interpret it as \xe2\x80\x9cbuy bitcoin\xe2\x80\x9d',b'HodlColorado'
2021-05-30 14:22:42,b'I know what I will be doing if the #Bitcoin car at the #indy500 crashes',b'ericaltm'
2021-05-30 14:22:40,b'Definitely they will. \xe2\x9c\x85\xe2\x9c\x85\xe2\x9c\x85. \n@Pocket_Pupp all they way. \n $BTC $ETH $MATIC $ONE $DENT  $ADA $BNB $DOGE $EGLD $VET\xe2\x80\xa6 https://t.co/n4RGhXuow0',b'cryptogirlxx'
2021-05-30 14:22:37,"b'@KaiGreene #Bitcoin\xc2\xa0 dipped, I decided to #buythedip, now the dip is dipper, I know that will be the thought of a n\xe2\x80\xa6 https://t.co/Nf81qzHZba'",b'karwanewalitrav'
2021-05-30 14:22:36,b'Consolidating last few hours this time to Break Out....!!\n\n#SHIBARMY #SHIB #ShibaCoin #SAFEMOONWALLET #Binance\xe2\x80\xa6 https://t.co/MlGu3T95r9',b'ram200009'
2021-05-30 14:22:36,b'I wrote this article in 2018 and the same is true today: https://t.co/xy6xGtIcpM #bitcoin #cryptocurrency',b'mic510'
2021-05-30 14:22:36,"b'@CryptoBull2020 #Bitcoin\xc2\xa0 dipped, I decided to #buythedip, now the dip is dipper, I know that will be the thought o\xe2\x80\xa6 https://t.co/49rGLidBPZ'",b'karwanewalitrav'
2021-05-30 14:22:36,"b'Bitcoin falls 5.2% to $33849, Ether down 6.3% - Reuters https://t.co/kyYCNbWGik'",b'TheRadioTFI'
2021-05-30 14:22:35,"b'Bitcoin falls 5.2% to $33849, Ether down 6.3% - Reuters https://t.co/4GMLUjhCTV'",b'akbarth3great'
2021-05-30 14:22:35,b'@eNCA @AnlieHattingh @Eliot_syke has all it takes to turn things well for you with his company platform and strateg\xe2\x80\xa6 https://t.co/acfkf92GzF',b'_Kathy_31'
2021-05-30 14:22:34,b'@CobraBitcoin @bsv_is_bitcoin @DanielKrawisz @bitcoin_pizza @nntaleb @CoinMarketCap refer to bitcoin.pdf',b'1rootSV'
2021-05-30 14:22:33,"b'WiM017 - The Booth Series | Episode 7 | Mind, Power, and Risk.\n@JeffBooth and I discuss:\n\n- Relativity of Informati\xe2\x80\xa6 https://t.co/FyGo2KC7By'",b'WhatisMoneyShow'
2021-05-30 14:22:33,"b'Speculative cryptocurrencies steadily dropping in value: Bitcoin has fallen from high of $64,000 to $33,849 https://t.co/IbT2Hi1Ucq'",b'SummertonNews'
2021-05-30 14:22:32,b'@AltcoinDailyio #Bitcoin  is here to stay\n\n#Ethereum was born to surpass it',b'Dezaxe'
2021-05-30 14:22:32,b'Hey @HeraldOpEd how good will you suck @FrancisSuarez Ass? As @crespogram likes to call him Bitcoin Bitches Ass? https://t.co/mLr1pDnX8A',b'AlexanderNewsSh'
2021-05-30 14:22:31,b'My parents own gold but would  never buy bitcoin \n\nI own gold &amp; #bitcoin \n\nMy kids will own #bitcoin and will never\xe2\x80\xa6 https://t.co/css9orKNaY',b'Sukhi_sukhraj'
2021-05-30 14:22:31,"b'@BarrySilbert @BillyM2k @UFMJA @ClayLambert20 @WayneVaughan Gold has tonns of utilities like in electronics, jewelr\xe2\x80\xa6 https://t.co/s6BkqBMex2'",b'ElongatiM'
2021-05-30 14:22:30,b'@TheCitizen_News @Eliot_syke has all it takes to turn things well for you with his company platform and strategy on\xe2\x80\xa6 https://t.co/A0ia1udls6',b'_Kathy_31'
2021-05-30 14:22:29,b'@GovernmentZA @Eliot_syke has all it takes to turn things well for you with his company platform and strategy on Bi\xe2\x80\xa6 https://t.co/YDdwIHv1PW',b'_Kathy_31'
2021-05-30 14:22:26,"b'""Life is really simple, but we insist on making it complicated."" -Confucius \n\nwhen talking about why  #Bitcoin is t\xe2\x80\xa6 https://t.co/SkK8VIa4HK'",b'realcryptojo'
2021-05-30 14:22:21,b'@ck_SNARKs Damn nice',b'BITCOIN_RAIL'
2021-05-30 14:22:21,b'@greenteaswapdex @BscCryoto Great project\n@Yumaa42738961 \n@algiarif56 \n@nashibku \n\n0x2e6c0Da0FA12B7219F30506D7A8471\xe2\x80\xa6 https://t.co/Whpj7g8Sk0',b'ttshow3'
2021-05-30 14:22:19,b'@News24 @Eliot_syke has all it takes to turn things well for you with his company platform and strategy on Bitcoin\xe2\x80\xa6 https://t.co/hW2mvAk6H7',b'_Kathy_31'
2021-05-30 14:22:17,b'@ewnupdates @Eliot_syke has all it takes to turn things well for you with his company platform and strategy on Bitc\xe2\x80\xa6 https://t.co/IYcbaobTiu',b'_Kathy_31'
2021-05-30 14:22:17,b'@lelebarber1 First tell how many Bitcoin tattoo are there ?',b'guptaajay69'
2021-05-30 14:22:16,b'Crypto Crash https://t.co/yVP7TJD5l3',b'CBDme6'
2021-05-30 14:22:13,b'@Lewified @402PaymentReq @nntaleb Bitcoin makes him obsolete.',b'iamberbelek'
2021-05-30 14:22:13,b'@eddiemac3356 Selling of Bitcoin stopped ~ 830pm last night. Seems the prayer from PT was answered. \xf0\x9f\x98\x82',b'fredwalton216'
2021-05-30 14:22:12,b'There are countless reasons to be bullish about #Bitcoin.',b'trading_forum'
2021-05-30 14:22:10,"b'Money, Monetary Policy, and Bitcoin | Ray Dalio at Consensus 2021 https://t.co/i6CocyQBG8 via @YouTube'",b'jeanmi5557'
2021-05-30 14:22:10,"b""Analysts' $100,000 midyear forecast shatters as Bitcoin price falls below $40,000 https://t.co/nSPaWbe7Do https://t.co/mzwdAiZ4oU""",b'LMinhCh52389858'
2021-05-30 14:22:08,b'#Finance #Dreams #hardwork #earnmoney #income #online #affiliatemarketing Check my #website #makemoney #earnmoney\xe2\x80\xa6 https://t.co/cAGBbLLe67',b'bmurphypointman'
2021-05-30 14:22:07,"b'Remember that this is not 100 metres run, this is a marathon.\n#Cardano $ADA #ADA #Bitcoin $BTC'",b'CryptoKaima'
2021-05-30 14:22:05,b'@bactonretro The Birth of Bitcoin\xc2\xa0 \xe2\x9c\xa8\xf0\x9f\xa7\x9a https://t.co/PEFBOke4kC\n#nft #nftart #nftartist #nftcollector',b'NegarFakhar'
2021-05-30 14:22:05,"b""@AliFade18352390 @michael_saylor We don't  buy bitcoin\nWe earn bitcoin From Mining \nI'm ready to show you and few l\xe2\x80\xa6 https://t.co/tgKDYrP4Zs""",b'LeviDickens1'
2021-05-30 14:22:04,b'@Frances_Coppola @MadureNiko @Britonomist @GreggyNY @sean_wallisch @nic__carter @gladstein I\xe2\x80\x99d love to know the own\xe2\x80\xa6 https://t.co/8Tex3IncUR',b'haroldsmith3rd'
2021-05-30 14:22:01,b'Why would any miner pay $50-$60k when it costs $9.8 K to produce 1 bitcoin. As I have said it before do your resear\xe2\x80\xa6 https://t.co/ihMoj0Z6t8',b'thejohnphantom'
2021-05-30 14:22:01,b'@marthamaccallum @Sophie_Mokoena @Eliot_syke has all it takes to turn things well for you with his company platform\xe2\x80\xa6 https://t.co/oDxCtEQnw3',b'_Kathy_31'
2021-05-30 14:21:59,b'1: Bitcoin price is $35438.45 (-0.78% 1h)\n2: Ethereum price is $2366.23 (-1.48% 1h)\n3: Tether price is $1.00 (0.01%\xe2\x80\xa6 https://t.co/5frHhGmR5o',b'TickerTop'
2021-05-30 14:21:56,b'@RMcCoy30 @Bitcoin Maybe bcos there\xe2\x80\x99s a 80% drop coming in January 2022 \xf0\x9f\xa4\xb7\xe2\x80\x8d\xe2\x99\x82\xef\xb8\x8f',b'DoloBoy7'
2021-05-30 14:21:56,"b'@ElongatiM @BillyM2k @BarrySilbert @ClayLambert20 @WayneVaughan Nope - honest opinion.\n\nI try not to insult ""people\xe2\x80\xa6 https://t.co/4ja52ui0VE'",b'MartinAudley'
2021-05-30 14:21:55,b'@Safebite_crypto One of the best project \n@ariffur07 \n@mpolash83 \n@digitize_design\n@AkunMasud \n@akun7072\n\n#Airdrop\xe2\x80\xa6 https://t.co/cSpJxNyJ0F',b'Fariea5'
2021-05-30 14:21:50,b'@cryptocharts \xf0\x9f\x93\xa2 @Libonomy is the only blockchain that can communicate with Bitcoin blockchain without 3rd party ser\xe2\x80\xa6 https://t.co/XWRlyZL5ZI',b'UbbinMofiz'
2021-05-30 14:21:50,b'@ewnupdates @Eliot_syke has all it takes to turn things well for you with his company platform and strategy on Bitc\xe2\x80\xa6 https://t.co/CzPLIr0CTT',b'_Kathy_31'
2021-05-30 14:21:49,b'@HaileyLennonBTC Bitcoin is kind of like holding AOL stock',b'AlohaNpo'
2021-05-30 14:21:49,b'@crypto_birb #Bitcoin  Cycle of Stimulus and FUDs in 6 months. https://t.co/76kHJHwKJe',b'CryCodoin'
2021-05-30 14:21:48,b'@Crypt0Newb1 @coinbureau What would lower the price of bitcoin is deflation in the fiat currency. The more deflatio\xe2\x80\xa6 https://t.co/pvYF3nAY66',b'Robespi90'
2021-05-30 14:21:48,b'@ewnupdates @Eliot_syke has all it takes to turn things well for you with his company platform and strategy on Bitc\xe2\x80\xa6 https://t.co/mFw9TCHTud',b'_Kathy_31'
2021-05-30 14:21:48,b'@Sophie_Mokoena @Eliot_syke has all it takes to turn things well for you with his company platform and strategy on\xe2\x80\xa6 https://t.co/qh6EvfVRbe',b'_Kathy_31'
2021-05-30 14:21:42,"b'@GrettahS Actually.\n\nHodl does not stand for ""hold on for dear life"" or ""hold on for deer life"" or anything else.\xe2\x80\xa6 https://t.co/UkA3x7bVC4'",b'AtlegangDA'
2021-05-30 14:21:42,b'Back home again in Indiana \xf0\x9f\x8e\xb6 Great day to be a #Hoosier and a #Bitcoiner!! #Bitcoin https://t.co/aI1Qxozja0',b'acmyers'
2021-05-30 14:21:41,b'@MattWallace888 If you are reading this and think that a picture of a meme being on a rocket is a use case for a cr\xe2\x80\xa6 https://t.co/9kKdCKV1C5',b'cryptoforbetter'
2021-05-30 14:21:41,b'@cybertinoapp The great project strong future ahead with great idea from projector team involving influencer.\nMy fa\xe2\x80\xa6 https://t.co/9aZrfIo1wx',b'AchBgus'
2021-05-30 14:21:40,b'@RayDalio I agree. This is why you build &amp; hold #Bitcoin baby. \xf0\x9f\x94\x91\xf0\x9f\x97\x9d\xef\xb8\x8f\xe2\x9a\xa1\xef\xb8\x8fhttps://t.co/jV36VpksXn',b'HassanAesthetic'
2021-05-30 14:21:39,"b'@BarrySilbert @BillyM2k @ClayLambert20 @WayneVaughan Here you are. If you somehow can prove Doge is overvalued, the\xe2\x80\xa6 https://t.co/lN18Sr6zt3'",b'PeterGreyy'
2021-05-30 14:21:39,b'I\xe2\x80\x99m trying too but bitcoin through Coinbase. But my limits are 7.500\xc2\xa3 a week does anyone know how to change buy limits #Bitcoin @coinbase',b'mac_crypto25'
2021-05-30 14:21:37,"b""Let's fucking go #21 #Bitcoin https://t.co/UHfRARlQib""",b'Bitsharp'
2021-05-30 14:21:36,b'@dougboneparth Bitcoin losses: \xe2\x99\xbe',b'WOLF_Financial'
2021-05-30 14:21:35,b'@BarrySilbert @UFMJA @BillyM2k @ClayLambert20 @WayneVaughan Hi I\xe2\x80\x99m Barry an I\xe2\x80\x99m just giving my bias basic Ass opini\xe2\x80\xa6 https://t.co/EUVzKrXvXz',b'pat36240912'
2021-05-30 14:21:34,b'WHAT THE H&amp;3L IS HAPPENING WITH BITCOIN &amp; ETHEREUM?????? - @TheMoonCarl via @cryptoairtime #defi #bitcoin https://t.co/Lkceqo30xf',b'cryptoairtime'
2021-05-30 14:21:34,"b'$FILUP / USDT Volume increase detected!\n\nSpike: 215,002.55 USDT\n24h Vol: 2,669,218.96 USDT\n\nGet ALL the alerts here\xe2\x80\xa6 https://t.co/GwatKpnJU6'",b'VolumeMonitor'
2021-05-30 14:21:33,b'@Sanjive_goel @Tihoyu2 @Dollarlogic @RyanPKirlin I again recommend \xe2\x80\x9eThe Bitcoin Standard\xe2\x80\x9c as a worthy read on the e\xe2\x80\xa6 https://t.co/SNKeoWNTww',b'Steffen27837816'
2021-05-30 14:21:32,b'@barbeetooreen The Birth of Bitcoin\xc2\xa0 \xe2\x9c\xa8\xf0\x9f\xa7\x9a https://t.co/PEFBOke4kC\n#nft #nftart #nftartist #nftcollector',b'NegarFakhar'
2021-05-30 14:21:32,"b'Brazilians Who Held $1,000 in Crypto Last Year Must Report It on Tax Returns by End of May \xe2\x80\x93 Taxes Bitcoin\xc2\xa0News https://t.co/2vg00I10q6'",b'USNewsLabOnline'
2021-05-30 14:21:30,b'@nebraskangooner What about bitcoin today ?',b'RajeshB96039937'
2021-05-30 14:21:30,"b'Full disclosure, bought back in $XRP at $0.87.\n\nBulls appear to be strong, think will see $1.40 - $1.50 short term,\xe2\x80\xa6 https://t.co/8RN6rmiBJn'",b'jjknowsthis'
